tanggal,KASUS,MENINGGAL,SEMBUH,DIRAWAT_OR_ISOLASI,AKUMULASI_KASUS,AKUMULASI_SEMBUH,AKUMULASI_MENINGGAL,AKUMULASI_DIRAWAT_OR_ISOLASI,PROVINSI
2021-05-01,18,0,35,-17,10459,7877,379,2203,NUSA TENGGARA BARAT
2021-05-02,29,1,6,22,10488,7883,380,2225,NUSA TENGGARA BARAT
2021-05-03,129,2,28,99,10617,7911,382,2324,NUSA TENGGARA BARAT
2021-05-04,30,6,24,0,10647,7935,388,2324,NUSA TENGGARA BARAT
2021-05-05,26,12,0,14,10673,7935,400,2338,NUSA TENGGARA BARAT
2021-05-06,19,0,16,3,10692,7951,400,2341,NUSA TENGGARA BARAT
2021-05-07,28,1,9,18,10720,7960,401,2359,NUSA TENGGARA BARAT
2021-05-08,23,0,1,22,10743,7961,401,2381,NUSA TENGGARA BARAT
2021-05-09,2,0,2,0,10745,7963,401,2381,NUSA TENGGARA BARAT
2021-05-10,29,2,2,25,10774,7965,403,2406,NUSA TENGGARA BARAT
2021-05-11,15,2,12,1,10789,7977,405,2407,NUSA TENGGARA BARAT
2021-05-12,21,0,0,21,10810,7977,405,2428,NUSA TENGGARA BARAT
2021-05-13,5,0,0,5,10815,7977,405,2433,NUSA TENGGARA BARAT
2021-05-14,12,0,9,3,10827,7986,405,2436,NUSA TENGGARA BARAT
2021-05-15,5,0,0,5,10832,7986,405,2441,NUSA TENGGARA BARAT
2021-05-16,18,0,3,15,10850,7989,405,2456,NUSA TENGGARA BARAT
2021-05-17,12,0,0,12,10862,7989,405,2468,NUSA TENGGARA BARAT
2021-05-18,50,1,50,-1,10912,8039,406,2467,NUSA TENGGARA BARAT
2021-05-19,54,1,7,46,10966,8046,407,2513,NUSA TENGGARA BARAT
2021-05-20,16,1,11,4,10982,8057,408,2517,NUSA TENGGARA BARAT
2021-05-21,35,5,4,26,11017,8061,413,2543,NUSA TENGGARA BARAT
2021-05-22,30,0,21,9,11047,8082,413,2552,NUSA TENGGARA BARAT
2021-05-23,26,0,0,26,11073,8082,413,2578,NUSA TENGGARA BARAT
2021-05-24,24,0,7,17,11097,8089,413,2595,NUSA TENGGARA BARAT
2021-05-25,17,0,3,14,11114,8092,413,2609,NUSA TENGGARA BARAT
2021-05-26,22,4,0,18,11136,8092,417,2627,NUSA TENGGARA BARAT
2021-05-27,15,1,2,12,11151,8094,418,2639,NUSA TENGGARA BARAT
2021-05-28,451,1,507,-57,11602,8601,419,2582,NUSA TENGGARA BARAT
2021-05-29,40,1,10,29,11642,8611,420,2611,NUSA TENGGARA BARAT
2021-05-30,76,10,101,-35,11718,8712,430,2576,NUSA TENGGARA BARAT
2021-05-31,237,7,103,127,11955,8815,437,2703,NUSA TENGGARA BARAT
2021-05-01,31,0,20,11,14384,12562,374,1448,NUSA TENGGARA TIMUR
2021-05-02,252,3,173,76,14636,12735,377,1524,NUSA TENGGARA TIMUR
2021-05-03,61,1,62,-2,14697,12797,378,1522,NUSA TENGGARA TIMUR
2021-05-04,59,0,25,34,14756,12822,378,1556,NUSA TENGGARA TIMUR
2021-05-05,55,2,133,-80,14811,12955,380,1476,NUSA TENGGARA TIMUR
2021-05-06,273,3,61,209,15084,13016,383,1685,NUSA TENGGARA TIMUR
2021-05-07,89,6,116,-33,15173,13132,389,1652,NUSA TENGGARA TIMUR
2021-05-08,77,4,151,-78,15250,13283,393,1574,NUSA TENGGARA TIMUR
2021-05-09,52,2,13,37,15302,13296,395,1611,NUSA TENGGARA TIMUR
2021-05-10,60,0,68,-8,15362,13364,395,1603,NUSA TENGGARA TIMUR
2021-05-11,125,1,167,-43,15487,13531,396,1560,NUSA TENGGARA TIMUR
2021-05-12,9,1,1,7,15496,13532,397,1567,NUSA TENGGARA TIMUR
2021-05-13,4,6,49,-51,15500,13581,403,1516,NUSA TENGGARA TIMUR
2021-05-14,77,1,75,1,15577,13656,404,1517,NUSA TENGGARA TIMUR
2021-05-15,5,0,32,-27,15582,13688,404,1490,NUSA TENGGARA TIMUR
2021-05-16,0,0,43,-43,15582,13731,404,1447,NUSA TENGGARA TIMUR
2021-05-17,53,2,372,-321,15635,14103,406,1126,NUSA TENGGARA TIMUR
2021-05-18,50,2,90,-42,15685,14193,408,1084,NUSA TENGGARA TIMUR
2021-05-19,10,0,78,-68,15695,14271,408,1016,NUSA TENGGARA TIMUR
2021-05-20,12,1,57,-46,15707,14328,409,970,NUSA TENGGARA TIMUR
2021-05-21,16,2,17,-3,15723,14345,411,967,NUSA TENGGARA TIMUR
2021-05-22,36,0,43,-7,15759,14388,411,960,NUSA TENGGARA TIMUR
2021-05-23,50,2,119,-71,15809,14507,413,889,NUSA TENGGARA TIMUR
2021-05-24,67,1,118,-52,15876,14625,414,837,NUSA TENGGARA TIMUR
2021-05-25,10,0,72,-62,15886,14697,414,775,NUSA TENGGARA TIMUR
2021-05-26,21,1,4,16,15907,14701,415,791,NUSA TENGGARA TIMUR
2021-05-27,1,0,1,0,15908,14702,415,791,NUSA TENGGARA TIMUR
2021-05-28,175,2,170,3,16083,14872,417,794,NUSA TENGGARA TIMUR
2021-05-29,2,0,1,1,16085,14873,417,795,NUSA TENGGARA TIMUR
2021-05-30,25,1,11,13,16110,14884,418,808,NUSA TENGGARA TIMUR
2021-05-31,150,3,123,24,16260,15007,421,832,NUSA TENGGARA TIMUR
2021-05-01,88,4,99,-15,33046,29939,945,2162,KALIMANTAN SELATAN
2021-05-02,12,4,62,-54,33058,30001,949,2108,KALIMANTAN SELATAN
2021-05-03,34,1,45,-12,33092,30046,950,2096,KALIMANTAN SELATAN
2021-05-04,56,5,224,-173,33148,30270,955,1923,KALIMANTAN SELATAN
2021-05-05,108,3,211,-106,33256,30481,958,1817,KALIMANTAN SELATAN
2021-05-06,64,2,140,-78,33320,30621,960,1739,KALIMANTAN SELATAN
2021-05-07,144,1,223,-80,33464,30844,961,1659,KALIMANTAN SELATAN
2021-05-08,108,3,92,13,33572,30936,964,1672,KALIMANTAN SELATAN
2021-05-09,64,2,129,-67,33636,31065,966,1605,KALIMANTAN SELATAN
2021-05-10,22,3,63,-44,33658,31128,969,1561,KALIMANTAN SELATAN
2021-05-11,46,2,114,-70,33704,31242,971,1491,KALIMANTAN SELATAN
2021-05-12,85,1,458,-374,33789,31700,972,1117,KALIMANTAN SELATAN
2021-05-13,27,3,100,-76,33816,31800,975,1041,KALIMANTAN SELATAN
2021-05-14,19,1,39,-21,33835,31839,976,1020,KALIMANTAN SELATAN
2021-05-15,1,1,44,-44,33836,31883,977,976,KALIMANTAN SELATAN
2021-05-16,37,4,48,-15,33873,31931,981,961,KALIMANTAN SELATAN
2021-05-17,25,3,77,-55,33898,32008,984,906,KALIMANTAN SELATAN
2021-05-18,42,5,76,-39,33940,32084,989,867,KALIMANTAN SELATAN
2021-05-19,55,3,86,-34,33995,32170,992,833,KALIMANTAN SELATAN
2021-05-20,81,3,47,31,34076,32217,995,864,KALIMANTAN SELATAN
2021-05-21,85,2,64,19,34161,32281,997,883,KALIMANTAN SELATAN
2021-05-22,48,1,27,20,34209,32308,998,903,KALIMANTAN SELATAN
2021-05-23,73,2,57,14,34282,32365,1000,917,KALIMANTAN SELATAN
2021-05-24,29,2,193,-166,34311,32558,1002,751,KALIMANTAN SELATAN
2021-05-25,43,1,65,-23,34354,32623,1003,728,KALIMANTAN SELATAN
2021-05-26,82,3,25,54,34436,32648,1006,782,KALIMANTAN SELATAN
2021-05-27,56,2,47,7,34492,32695,1008,789,KALIMANTAN SELATAN
2021-05-28,68,2,39,27,34560,32734,1010,816,KALIMANTAN SELATAN
2021-05-29,110,2,42,66,34670,32776,1012,882,KALIMANTAN SELATAN
2021-05-30,74,2,45,27,34744,32821,1014,909,KALIMANTAN SELATAN
2021-05-31,15,1,65,-51,34759,32886,1015,858,KALIMANTAN SELATAN
2021-05-01,7,0,7,0,11752,11034,186,532,KALIMANTAN UTARA
2021-05-02,34,0,1,33,11786,11035,186,565,KALIMANTAN UTARA
2021-05-03,18,0,44,-26,11804,11079,186,539,KALIMANTAN UTARA
2021-05-04,17,0,20,-3,11821,11099,186,536,KALIMANTAN UTARA
2021-05-05,3,2,13,-12,11824,11112,188,524,KALIMANTAN UTARA
2021-05-06,8,0,28,-20,11832,11140,188,504,KALIMANTAN UTARA
2021-05-07,16,0,18,-2,11848,11158,188,502,KALIMANTAN UTARA
2021-05-08,3,0,6,-3,11851,11164,188,499,KALIMANTAN UTARA
2021-05-09,16,0,9,7,11867,11173,188,506,KALIMANTAN UTARA
2021-05-10,4,0,28,-24,11871,11201,188,482,KALIMANTAN UTARA
2021-05-11,11,0,39,-28,11882,11240,188,454,KALIMANTAN UTARA
2021-05-12,0,0,4,-4,11882,11244,188,450,KALIMANTAN UTARA
2021-05-13,0,0,9,-9,11882,11253,188,441,KALIMANTAN UTARA
2021-05-14,9,0,0,9,11891,11253,188,450,KALIMANTAN UTARA
2021-05-15,3,0,7,-4,11894,11260,188,446,KALIMANTAN UTARA
2021-05-16,1,0,2,-1,11895,11262,188,445,KALIMANTAN UTARA
2021-05-17,4,0,14,-10,11899,11276,188,435,KALIMANTAN UTARA
2021-05-18,5,0,36,-31,11904,11312,188,404,KALIMANTAN UTARA
2021-05-19,38,0,13,25,11942,11325,188,429,KALIMANTAN UTARA
2021-05-20,33,0,3,30,11975,11328,188,459,KALIMANTAN UTARA
2021-05-21,30,0,2,28,12005,11330,188,487,KALIMANTAN UTARA
2021-05-22,33,0,15,18,12038,11345,188,505,KALIMANTAN UTARA
2021-05-23,46,1,10,35,12084,11355,189,540,KALIMANTAN UTARA
2021-05-24,52,0,0,52,12136,11355,189,592,KALIMANTAN UTARA
2021-05-25,34,1,11,22,12170,11366,190,614,KALIMANTAN UTARA
2021-05-26,13,0,1,12,12183,11367,190,626,KALIMANTAN UTARA
2021-05-27,4,0,14,-10,12187,11381,190,616,KALIMANTAN UTARA
2021-05-28,30,0,8,22,12217,11389,190,638,KALIMANTAN UTARA
2021-05-29,17,1,14,2,12234,11403,191,640,KALIMANTAN UTARA
2021-05-30,3,0,3,0,12237,11406,191,640,KALIMANTAN UTARA
2021-05-31,33,0,3,30,12270,11409,191,670,KALIMANTAN UTARA
2021-05-01,3,0,0,3,5450,5253,118,79,SULAWESI BARAT
2021-05-02,22,1,6,15,5472,5259,119,94,SULAWESI BARAT
2021-05-03,2,0,4,-2,5474,5263,119,92,SULAWESI BARAT
2021-05-04,0,0,7,-7,5474,5270,119,85,SULAWESI BARAT
2021-05-05,1,0,3,-2,5475,5273,119,83,SULAWESI BARAT
2021-05-06,0,0,8,-8,5475,5281,119,75,SULAWESI BARAT
2021-05-07,1,0,2,-1,5476,5283,119,74,SULAWESI BARAT
2021-05-08,0,0,2,-2,5476,5285,119,72,SULAWESI BARAT
2021-05-09,3,0,7,-4,5479,5292,119,68,SULAWESI BARAT
2021-05-10,2,0,2,0,5481,5294,119,68,SULAWESI BARAT
2021-05-11,3,0,0,3,5484,5294,119,71,SULAWESI BARAT
2021-05-12,2,1,1,0,5486,5295,120,71,SULAWESI BARAT
2021-05-13,0,0,0,0,5486,5295,120,71,SULAWESI BARAT
2021-05-14,0,0,0,0,5486,5295,120,71,SULAWESI BARAT
2021-05-15,5,0,20,-15,5491,5315,120,56,SULAWESI BARAT
2021-05-16,0,0,0,0,5491,5315,120,56,SULAWESI BARAT
2021-05-17,3,0,3,0,5494,5318,120,56,SULAWESI BARAT
2021-05-18,2,0,13,-11,5496,5331,120,45,SULAWESI BARAT
2021-05-19,0,0,0,0,5496,5331,120,45,SULAWESI BARAT
2021-05-20,0,0,1,-1,5496,5332,120,44,SULAWESI BARAT
2021-05-21,1,0,6,-5,5497,5338,120,39,SULAWESI BARAT
2021-05-22,1,0,3,-2,5498,5341,120,37,SULAWESI BARAT
2021-05-23,0,0,3,-3,5498,5344,120,34,SULAWESI BARAT
2021-05-24,0,0,3,-3,5498,5347,120,31,SULAWESI BARAT
2021-05-25,0,0,7,-7,5498,5354,120,24,SULAWESI BARAT
2021-05-26,0,0,0,0,5498,5354,120,24,SULAWESI BARAT
2021-05-27,0,0,0,0,5498,5354,120,24,SULAWESI BARAT
2021-05-28,3,0,1,2,5501,5355,120,26,SULAWESI BARAT
2021-05-29,0,0,1,-1,5501,5356,120,25,SULAWESI BARAT
2021-05-30,0,0,4,-4,5501,5360,120,21,SULAWESI BARAT
2021-05-31,0,0,0,0,5501,5360,120,21,SULAWESI BARAT
2021-05-01,0,0,0,0,4417,4147,120,150,MALUKU UTARA
2021-05-02,0,0,0,0,4417,4147,120,150,MALUKU UTARA
2021-05-03,3,0,33,-30,4420,4180,120,120,MALUKU UTARA
2021-05-04,1,0,6,-5,4421,4186,120,115,MALUKU UTARA
2021-05-05,7,0,21,-14,4428,4207,120,101,MALUKU UTARA
2021-05-06,2,0,12,-10,4430,4219,120,91,MALUKU UTARA
2021-05-07,3,0,0,3,4433,4219,120,94,MALUKU UTARA
2021-05-08,0,0,0,0,4433,4219,120,94,MALUKU UTARA
2021-05-09,1,0,0,1,4434,4219,120,95,MALUKU UTARA
2021-05-10,0,0,2,-2,4434,4221,120,93,MALUKU UTARA
2021-05-11,2,0,0,2,4436,4221,120,95,MALUKU UTARA
2021-05-12,0,0,0,0,4436,4221,120,95,MALUKU UTARA
2021-05-13,5,0,0,5,4441,4221,120,100,MALUKU UTARA
2021-05-14,0,0,0,0,4441,4221,120,100,MALUKU UTARA
2021-05-15,7,0,0,7,4448,4221,120,107,MALUKU UTARA
2021-05-16,1,0,3,-2,4449,4224,120,105,MALUKU UTARA
2021-05-17,0,0,8,-8,4449,4232,120,97,MALUKU UTARA
2021-05-18,4,0,0,4,4453,4232,120,101,MALUKU UTARA
2021-05-19,2,0,0,2,4455,4232,120,103,MALUKU UTARA
2021-05-20,8,0,0,8,4463,4232,120,111,MALUKU UTARA
2021-05-21,2,0,0,2,4465,4232,120,113,MALUKU UTARA
2021-05-22,7,0,0,7,4472,4232,120,120,MALUKU UTARA
2021-05-23,9,0,0,9,4481,4232,120,129,MALUKU UTARA
2021-05-24,4,0,20,-16,4485,4252,120,113,MALUKU UTARA
2021-05-25,4,0,0,4,4489,4252,120,117,MALUKU UTARA
2021-05-26,2,0,0,2,4491,4252,120,119,MALUKU UTARA
2021-05-27,0,0,0,0,4491,4252,120,119,MALUKU UTARA
2021-05-28,3,0,0,3,4494,4252,120,122,MALUKU UTARA
2021-05-29,2,1,0,1,4496,4252,121,123,MALUKU UTARA
2021-05-30,16,0,19,-3,4512,4271,121,120,MALUKU UTARA
2021-05-31,6,0,1,5,4518,4272,121,125,MALUKU UTARA
2021-05-01,377,15,333,29,44654,38652,1100,4902,RIAU
2021-05-02,583,16,344,223,45237,38996,1116,5125,RIAU
2021-05-03,341,18,398,-75,45578,39394,1134,5050,RIAU
2021-05-04,483,7,331,145,46061,39725,1141,5195,RIAU
2021-05-05,570,15,571,-16,46631,40296,1156,5179,RIAU
2021-05-06,520,20,479,21,47151,40775,1176,5200,RIAU
2021-05-07,628,17,505,106,47779,41280,1193,5306,RIAU
2021-05-08,653,7,256,390,48432,41536,1200,5696,RIAU
2021-05-09,454,26,222,206,48886,41758,1226,5902,RIAU
2021-05-10,551,14,630,-93,49437,42388,1240,5809,RIAU
2021-05-11,587,24,526,37,50024,42914,1264,5846,RIAU
2021-05-12,523,12,779,-268,50547,43693,1276,5578,RIAU
2021-05-13,513,14,263,236,51060,43956,1290,5814,RIAU
2021-05-14,112,16,501,-405,51172,44457,1306,5409,RIAU
2021-05-15,146,12,564,-430,51318,45021,1318,4979,RIAU
2021-05-16,355,6,567,-218,51673,45588,1324,4761,RIAU
2021-05-17,317,21,600,-304,51990,46188,1345,4457,RIAU
2021-05-18,321,18,579,-276,52311,46767,1363,4181,RIAU
2021-05-19,385,17,469,-101,52696,47236,1380,4080,RIAU
2021-05-20,421,11,596,-186,53117,47832,1391,3894,RIAU
2021-05-21,512,17,648,-153,53629,48480,1408,3741,RIAU
2021-05-22,639,6,431,202,54268,48911,1414,3943,RIAU
2021-05-23,592,12,513,67,54860,49424,1426,4010,RIAU
2021-05-24,665,24,202,439,55525,49626,1450,4449,RIAU
2021-05-25,642,19,179,444,56167,49805,1469,4893,RIAU
2021-05-26,739,27,347,365,56906,50152,1496,5258,RIAU
2021-05-27,810,14,248,548,57716,50400,1510,5806,RIAU
2021-05-28,503,19,458,26,58219,50858,1529,5832,RIAU
2021-05-29,652,11,413,228,58871,51271,1540,6060,RIAU
2021-05-30,726,21,451,254,59597,51722,1561,6314,RIAU
2021-05-31,473,26,501,-54,60070,52223,1587,6260,RIAU
2021-05-01,128,4,330,-206,39644,34734,960,3950,DAERAH ISTIMEWA YOGYAKARTA
2021-05-02,180,5,308,-133,39824,35042,965,3817,DAERAH ISTIMEWA YOGYAKARTA
2021-05-03,157,5,332,-180,39981,35374,970,3637,DAERAH ISTIMEWA YOGYAKARTA
2021-05-04,159,11,254,-106,40140,35628,981,3531,DAERAH ISTIMEWA YOGYAKARTA
2021-05-05,232,6,261,-35,40372,35889,987,3496,DAERAH ISTIMEWA YOGYAKARTA
2021-05-06,229,5,319,-95,40601,36208,992,3401,DAERAH ISTIMEWA YOGYAKARTA
2021-05-07,184,11,271,-98,40785,36479,1003,3303,DAERAH ISTIMEWA YOGYAKARTA
2021-05-08,137,10,261,-134,40922,36740,1013,3169,DAERAH ISTIMEWA YOGYAKARTA
2021-05-09,140,10,202,-72,41062,36942,1023,3097,DAERAH ISTIMEWA YOGYAKARTA
2021-05-10,142,5,215,-78,41204,37157,1028,3019,DAERAH ISTIMEWA YOGYAKARTA
2021-05-11,154,5,307,-158,41358,37464,1033,2861,DAERAH ISTIMEWA YOGYAKARTA
2021-05-12,217,8,232,-23,41575,37696,1041,2838,DAERAH ISTIMEWA YOGYAKARTA
2021-05-13,105,4,240,-139,41680,37936,1045,2699,DAERAH ISTIMEWA YOGYAKARTA
2021-05-14,97,13,165,-81,41777,38101,1058,2618,DAERAH ISTIMEWA YOGYAKARTA
2021-05-15,94,5,266,-177,41871,38367,1063,2441,DAERAH ISTIMEWA YOGYAKARTA
2021-05-16,135,5,158,-28,42006,38525,1068,2413,DAERAH ISTIMEWA YOGYAKARTA
2021-05-17,136,8,170,-42,42142,38695,1076,2371,DAERAH ISTIMEWA YOGYAKARTA
2021-05-18,155,3,212,-60,42297,38907,1079,2311,DAERAH ISTIMEWA YOGYAKARTA
2021-05-19,227,10,190,27,42524,39097,1089,2338,DAERAH ISTIMEWA YOGYAKARTA
2021-05-20,269,10,225,34,42793,39322,1099,2372,DAERAH ISTIMEWA YOGYAKARTA
2021-05-21,198,10,263,-75,42991,39585,1109,2297,DAERAH ISTIMEWA YOGYAKARTA
2021-05-22,138,6,212,-80,43129,39797,1115,2217,DAERAH ISTIMEWA YOGYAKARTA
2021-05-23,152,6,185,-39,43281,39982,1121,2178,DAERAH ISTIMEWA YOGYAKARTA
2021-05-24,149,7,200,-58,43430,40182,1128,2120,DAERAH ISTIMEWA YOGYAKARTA
2021-05-25,215,10,191,14,43645,40373,1138,2134,DAERAH ISTIMEWA YOGYAKARTA
2021-05-26,190,6,191,-7,43835,40564,1144,2127,DAERAH ISTIMEWA YOGYAKARTA
2021-05-27,186,7,204,-25,44021,40768,1151,2102,DAERAH ISTIMEWA YOGYAKARTA
2021-05-28,180,4,195,-19,44201,40963,1155,2083,DAERAH ISTIMEWA YOGYAKARTA
2021-05-29,211,9,169,33,44412,41132,1164,2116,DAERAH ISTIMEWA YOGYAKARTA
2021-05-30,176,12,167,-3,44588,41299,1176,2113,DAERAH ISTIMEWA YOGYAKARTA
2021-05-31,158,7,141,10,44746,41440,1183,2123,DAERAH ISTIMEWA YOGYAKARTA
2021-05-01,0,0,9,-9,20365,11324,259,8782,PAPUA
2021-05-02,0,0,14,-14,20365,11338,259,8768,PAPUA
2021-05-03,0,0,16,-16,20365,11354,259,8752,PAPUA
2021-05-04,3,0,5,-2,20368,11359,259,8750,PAPUA
2021-05-05,18,0,18,0,20386,11377,259,8750,PAPUA
2021-05-06,22,0,22,0,20408,11399,259,8750,PAPUA
2021-05-07,2,0,0,2,20410,11399,259,8752,PAPUA
2021-05-08,1,1,4,-4,20411,11403,260,8748,PAPUA
2021-05-09,17,0,18,-1,20428,11421,260,8747,PAPUA
2021-05-10,0,0,0,0,20428,11421,260,8747,PAPUA
2021-05-11,2,0,18,-16,20430,11439,260,8731,PAPUA
2021-05-12,3,0,6,-3,20433,11445,260,8728,PAPUA
2021-05-13,0,0,0,0,20433,11445,260,8728,PAPUA
2021-05-14,0,0,4,-4,20433,11449,260,8724,PAPUA
2021-05-15,0,0,0,0,20433,11449,260,8724,PAPUA
2021-05-16,0,0,0,0,20433,11449,260,8724,PAPUA
2021-05-17,0,0,0,0,20433,11449,260,8724,PAPUA
2021-05-18,0,0,0,0,20433,11449,260,8724,PAPUA
2021-05-19,0,0,0,0,20433,11449,260,8724,PAPUA
2021-05-20,0,0,0,0,20433,11449,260,8724,PAPUA
2021-05-21,0,0,0,0,20433,11449,260,8724,PAPUA
2021-05-22,0,0,0,0,20433,11449,260,8724,PAPUA
2021-05-23,0,0,0,0,20433,11449,260,8724,PAPUA
2021-05-24,28,0,0,28,20461,11449,260,8752,PAPUA
2021-05-25,0,0,0,0,20461,11449,260,8752,PAPUA
2021-05-26,0,1,0,-1,20461,11449,261,8751,PAPUA
2021-05-27,0,0,0,0,20461,11449,261,8751,PAPUA
2021-05-28,0,1,0,-1,20461,11449,262,8750,PAPUA
2021-05-29,0,0,0,0,20461,11449,262,8750,PAPUA
2021-05-30,0,0,0,0,20461,11449,262,8750,PAPUA
2021-05-31,0,0,0,0,20461,11449,262,8750,PAPUA
2021-05-01,32,0,32,0,8974,8546,150,278,PAPUA BARAT
2021-05-02,12,0,9,3,8986,8555,150,281,PAPUA BARAT
2021-05-03,1,2,27,-28,8987,8582,152,253,PAPUA BARAT
2021-05-04,21,0,6,15,9008,8588,152,268,PAPUA BARAT
2021-05-05,23,0,38,-15,9031,8626,152,253,PAPUA BARAT
2021-05-06,10,0,13,-3,9041,8639,152,250,PAPUA BARAT
2021-05-07,30,0,34,-4,9071,8673,152,246,PAPUA BARAT
2021-05-08,10,0,18,-8,9081,8691,152,238,PAPUA BARAT
2021-05-09,8,0,21,-13,9089,8712,152,225,PAPUA BARAT
2021-05-10,6,0,14,-8,9095,8726,152,217,PAPUA BARAT
2021-05-11,21,0,21,0,9116,8747,152,217,PAPUA BARAT
2021-05-12,23,0,6,17,9139,8753,152,234,PAPUA BARAT
2021-05-13,2,0,28,-26,9141,8781,152,208,PAPUA BARAT
2021-05-14,3,0,12,-9,9144,8793,152,199,PAPUA BARAT
2021-05-15,5,0,14,-9,9149,8807,152,190,PAPUA BARAT
2021-05-16,6,1,14,-9,9155,8821,153,181,PAPUA BARAT
2021-05-17,1,1,18,-18,9156,8839,154,163,PAPUA BARAT
2021-05-18,20,3,44,-27,9176,8883,157,136,PAPUA BARAT
2021-05-19,6,1,13,-8,9182,8896,158,128,PAPUA BARAT
2021-05-20,6,0,0,6,9188,8896,158,134,PAPUA BARAT
2021-05-21,30,2,43,-15,9218,8939,160,119,PAPUA BARAT
2021-05-22,5,1,12,-8,9223,8951,161,111,PAPUA BARAT
2021-05-23,24,1,10,13,9247,8961,162,124,PAPUA BARAT
2021-05-24,2,2,17,-17,9249,8978,164,107,PAPUA BARAT
2021-05-25,2,0,12,-10,9251,8990,164,97,PAPUA BARAT
2021-05-26,14,2,4,8,9265,8994,166,105,PAPUA BARAT
2021-05-27,2,1,0,1,9267,8994,167,106,PAPUA BARAT
2021-05-28,19,2,5,12,9286,8999,169,118,PAPUA BARAT
2021-05-29,8,1,5,2,9294,9004,170,120,PAPUA BARAT
2021-05-30,2,0,9,-7,9296,9013,170,113,PAPUA BARAT
2021-05-31,20,0,3,17,9316,9016,170,130,PAPUA BARAT
2021-05-01,137,1,192,-56,68764,65384,1641,1739,KALIMANTAN TIMUR
2021-05-02,52,5,128,-81,68816,65512,1646,1658,KALIMANTAN TIMUR
2021-05-03,84,5,177,-98,68900,65689,1651,1560,KALIMANTAN TIMUR
2021-05-04,137,4,107,26,69037,65796,1655,1586,KALIMANTAN TIMUR
2021-05-05,137,5,102,30,69174,65898,1660,1616,KALIMANTAN TIMUR
2021-05-06,104,3,126,-25,69278,66024,1663,1591,KALIMANTAN TIMUR
2021-05-07,105,7,165,-67,69383,66189,1670,1524,KALIMANTAN TIMUR
2021-05-08,109,3,208,-102,69492,66397,1673,1422,KALIMANTAN TIMUR
2021-05-09,88,2,212,-126,69580,66609,1675,1296,KALIMANTAN TIMUR
2021-05-10,92,2,125,-35,69672,66734,1677,1261,KALIMANTAN TIMUR
2021-05-11,76,2,109,-35,69748,66843,1679,1226,KALIMANTAN TIMUR
2021-05-12,126,1,80,45,69874,66923,1680,1271,KALIMANTAN TIMUR
2021-05-13,80,2,84,-6,69954,67007,1682,1265,KALIMANTAN TIMUR
2021-05-14,13,1,97,-85,69967,67104,1683,1180,KALIMANTAN TIMUR
2021-05-15,52,2,71,-21,70019,67175,1685,1159,KALIMANTAN TIMUR
2021-05-16,56,2,97,-43,70075,67272,1687,1116,KALIMANTAN TIMUR
2021-05-17,59,4,114,-59,70134,67386,1691,1057,KALIMANTAN TIMUR
2021-05-18,138,3,126,9,70272,67512,1694,1066,KALIMANTAN TIMUR
2021-05-19,128,2,95,31,70400,67607,1696,1097,KALIMANTAN TIMUR
2021-05-20,100,1,91,8,70500,67698,1697,1105,KALIMANTAN TIMUR
2021-05-21,87,5,141,-59,70587,67839,1702,1046,KALIMANTAN TIMUR
2021-05-22,99,0,72,27,70686,67911,1702,1073,KALIMANTAN TIMUR
2021-05-23,103,1,70,32,70789,67981,1703,1105,KALIMANTAN TIMUR
2021-05-24,105,1,66,38,70894,68047,1704,1143,KALIMANTAN TIMUR
2021-05-25,112,6,54,52,71006,68101,1710,1195,KALIMANTAN TIMUR
2021-05-26,82,2,86,-6,71088,68187,1712,1189,KALIMANTAN TIMUR
2021-05-27,64,2,116,-54,71152,68303,1714,1135,KALIMANTAN TIMUR
2021-05-28,68,3,110,-45,71220,68413,1717,1090,KALIMANTAN TIMUR
2021-05-29,146,1,120,25,71366,68533,1718,1115,KALIMANTAN TIMUR
2021-05-30,140,3,120,17,71506,68653,1721,1132,KALIMANTAN TIMUR
2021-05-31,89,2,177,-90,71595,68830,1723,1042,KALIMANTAN TIMUR
2021-05-01,102,0,40,62,6884,5884,172,828,BENGKULU
2021-05-02,75,1,47,27,6959,5931,173,855,BENGKULU
2021-05-03,7,1,15,-9,6966,5946,174,846,BENGKULU
2021-05-04,54,0,38,16,7020,5984,174,862,BENGKULU
2021-05-05,35,0,41,-6,7055,6025,174,856,BENGKULU
2021-05-06,50,1,45,4,7105,6070,175,860,BENGKULU
2021-05-07,65,0,35,30,7170,6105,175,890,BENGKULU
2021-05-08,76,0,48,28,7246,6153,175,918,BENGKULU
2021-05-09,37,0,61,-24,7283,6214,175,894,BENGKULU
2021-05-10,18,0,53,-35,7301,6267,175,859,BENGKULU
2021-05-11,16,0,40,-24,7317,6307,175,835,BENGKULU
2021-05-12,50,0,51,-1,7367,6358,175,834,BENGKULU
2021-05-13,35,0,61,-26,7402,6419,175,808,BENGKULU
2021-05-14,29,0,40,-11,7431,6459,175,797,BENGKULU
2021-05-15,4,0,52,-48,7435,6511,175,749,BENGKULU
2021-05-16,8,0,35,-27,7443,6546,175,722,BENGKULU
2021-05-17,4,0,17,-13,7447,6563,175,709,BENGKULU
2021-05-18,26,0,51,-25,7473,6614,175,684,BENGKULU
2021-05-19,35,0,12,23,7508,6626,175,707,BENGKULU
2021-05-20,37,0,3,34,7545,6629,175,741,BENGKULU
2021-05-21,80,0,56,24,7625,6685,175,765,BENGKULU
2021-05-22,60,0,50,10,7685,6735,175,775,BENGKULU
2021-05-23,70,0,51,19,7755,6786,175,794,BENGKULU
2021-05-24,8,1,40,-33,7763,6826,176,761,BENGKULU
2021-05-25,30,1,55,-26,7793,6881,177,735,BENGKULU
2021-05-26,27,0,31,-4,7820,6912,177,731,BENGKULU
2021-05-27,19,0,42,-23,7839,6954,177,708,BENGKULU
2021-05-28,66,0,41,25,7905,6995,177,733,BENGKULU
2021-05-29,81,1,63,17,7986,7058,178,750,BENGKULU
2021-05-30,70,1,62,7,8056,7120,179,757,BENGKULU
2021-05-31,18,1,20,-3,8074,7140,180,754,BENGKULU
2021-05-01,124,2,118,4,11169,9727,441,1001,ACEH
2021-05-02,68,7,52,9,11237,9779,448,1010,ACEH
2021-05-03,56,1,14,41,11293,9793,449,1051,ACEH
2021-05-04,98,5,9,84,11391,9802,454,1135,ACEH
2021-05-05,91,6,18,67,11482,9820,460,1202,ACEH
2021-05-06,107,1,38,68,11589,9858,461,1270,ACEH
2021-05-07,113,4,114,-5,11702,9972,465,1265,ACEH
2021-05-08,100,4,5,91,11802,9977,469,1356,ACEH
2021-05-09,28,6,91,-69,11830,10068,475,1287,ACEH
2021-05-10,68,5,87,-24,11898,10155,480,1263,ACEH
2021-05-11,100,2,32,66,11998,10187,482,1329,ACEH
2021-05-12,128,3,32,93,12126,10219,485,1422,ACEH
2021-05-13,26,1,22,3,12152,10241,486,1425,ACEH
2021-05-14,5,3,18,-16,12157,10259,489,1409,ACEH
2021-05-15,57,2,12,43,12214,10271,491,1452,ACEH
2021-05-16,35,2,72,-39,12249,10343,493,1413,ACEH
2021-05-17,91,5,22,64,12340,10365,498,1477,ACEH
2021-05-18,128,4,74,50,12468,10439,502,1527,ACEH
2021-05-19,147,9,62,76,12615,10501,511,1603,ACEH
2021-05-20,199,3,2,194,12814,10503,514,1797,ACEH
2021-05-21,176,9,102,65,12990,10605,523,1862,ACEH
2021-05-22,135,5,9,121,13125,10614,528,1983,ACEH
2021-05-23,104,6,92,6,13229,10706,534,1989,ACEH
2021-05-24,167,8,255,-96,13396,10961,542,1893,ACEH
2021-05-25,185,9,149,27,13581,11110,551,1920,ACEH
2021-05-26,267,4,37,226,13848,11147,555,2146,ACEH
2021-05-27,230,7,128,95,14078,11275,562,2241,ACEH
2021-05-28,260,8,145,107,14338,11420,570,2348,ACEH
2021-05-29,293,7,125,161,14631,11545,577,2509,ACEH
2021-05-30,270,3,116,151,14901,11661,580,2660,ACEH
2021-05-31,116,15,132,-31,15017,11793,595,2629,ACEH
2021-05-01,59,4,56,-1,29458,26172,974,2312,SUMATERA UTARA
2021-05-02,64,2,59,3,29522,26231,976,2315,SUMATERA UTARA
2021-05-03,68,1,60,7,29590,26291,977,2322,SUMATERA UTARA
2021-05-04,63,0,65,-2,29653,26356,977,2320,SUMATERA UTARA
2021-05-05,71,3,64,4,29724,26420,980,2324,SUMATERA UTARA
2021-05-06,81,4,60,17,29805,26480,984,2341,SUMATERA UTARA
2021-05-07,95,1,76,18,29900,26556,985,2359,SUMATERA UTARA
2021-05-08,82,3,73,6,29982,26629,988,2365,SUMATERA UTARA
2021-05-09,76,2,75,-1,30058,26704,990,2364,SUMATERA UTARA
2021-05-10,89,4,80,5,30147,26784,994,2369,SUMATERA UTARA
2021-05-11,83,2,73,8,30230,26857,996,2377,SUMATERA UTARA
2021-05-12,78,3,77,-2,30308,26934,999,2375,SUMATERA UTARA
2021-05-13,82,1,70,11,30390,27004,1000,2386,SUMATERA UTARA
2021-05-14,86,2,67,17,30476,27071,1002,2403,SUMATERA UTARA
2021-05-15,76,3,76,-3,30552,27147,1005,2400,SUMATERA UTARA
2021-05-16,80,4,73,3,30632,27220,1009,2403,SUMATERA UTARA
2021-05-17,91,2,63,26,30723,27283,1011,2429,SUMATERA UTARA
2021-05-18,95,2,101,-8,30818,27384,1013,2421,SUMATERA UTARA
2021-05-19,92,1,112,-21,30910,27496,1014,2400,SUMATERA UTARA
2021-05-20,98,1,83,14,31008,27579,1015,2414,SUMATERA UTARA
2021-05-21,97,4,109,-16,31105,27688,1019,2398,SUMATERA UTARA
2021-05-22,87,6,76,5,31192,27764,1025,2403,SUMATERA UTARA
2021-05-23,84,3,68,13,31276,27832,1028,2416,SUMATERA UTARA
2021-05-24,99,2,96,1,31375,27928,1030,2417,SUMATERA UTARA
2021-05-25,97,4,73,20,31472,28001,1034,2437,SUMATERA UTARA
2021-05-26,85,3,77,5,31557,28078,1037,2442,SUMATERA UTARA
2021-05-27,95,2,114,-21,31652,28192,1039,2421,SUMATERA UTARA
2021-05-28,89,3,77,9,31741,28269,1042,2430,SUMATERA UTARA
2021-05-29,82,5,80,-3,31823,28349,1047,2427,SUMATERA UTARA
2021-05-30,72,1,71,0,31895,28420,1048,2427,SUMATERA UTARA
2021-05-31,98,6,83,9,31993,28503,1054,2436,SUMATERA UTARA
2021-05-01,200,2,142,56,13646,11747,213,1686,KEPULAUAN BANGKA BELITUNG
2021-05-02,93,4,89,0,13739,11836,217,1686,KEPULAUAN BANGKA BELITUNG
2021-05-03,82,1,140,-59,13821,11976,218,1627,KEPULAUAN BANGKA BELITUNG
2021-05-04,167,2,223,-58,13988,12199,220,1569,KEPULAUAN BANGKA BELITUNG
2021-05-05,125,1,130,-6,14113,12329,221,1563,KEPULAUAN BANGKA BELITUNG
2021-05-06,168,1,151,16,14281,12480,222,1579,KEPULAUAN BANGKA BELITUNG
2021-05-07,197,1,343,-147,14478,12823,223,1432,KEPULAUAN BANGKA BELITUNG
2021-05-08,267,6,154,107,14745,12977,229,1539,KEPULAUAN BANGKA BELITUNG
2021-05-09,184,3,157,24,14929,13134,232,1563,KEPULAUAN BANGKA BELITUNG
2021-05-10,112,0,132,-20,15041,13266,232,1543,KEPULAUAN BANGKA BELITUNG
2021-05-11,143,1,188,-46,15184,13454,233,1497,KEPULAUAN BANGKA BELITUNG
2021-05-12,211,2,110,99,15395,13564,235,1596,KEPULAUAN BANGKA BELITUNG
2021-05-13,73,2,71,0,15468,13635,237,1596,KEPULAUAN BANGKA BELITUNG
2021-05-14,65,0,132,-67,15533,13767,237,1529,KEPULAUAN BANGKA BELITUNG
2021-05-15,41,2,146,-107,15574,13913,239,1422,KEPULAUAN BANGKA BELITUNG
2021-05-16,75,3,173,-101,15649,14086,242,1321,KEPULAUAN BANGKA BELITUNG
2021-05-17,108,1,214,-107,15757,14300,243,1214,KEPULAUAN BANGKA BELITUNG
2021-05-18,131,2,308,-179,15888,14608,245,1035,KEPULAUAN BANGKA BELITUNG
2021-05-19,164,2,139,23,16052,14747,247,1058,KEPULAUAN BANGKA BELITUNG
2021-05-20,194,2,149,43,16246,14896,249,1101,KEPULAUAN BANGKA BELITUNG
2021-05-21,240,1,88,151,16486,14984,250,1252,KEPULAUAN BANGKA BELITUNG
2021-05-22,190,1,66,123,16676,15050,251,1375,KEPULAUAN BANGKA BELITUNG
2021-05-23,183,0,133,50,16859,15183,251,1425,KEPULAUAN BANGKA BELITUNG
2021-05-24,135,0,99,36,16994,15282,251,1461,KEPULAUAN BANGKA BELITUNG
2021-05-25,166,5,63,98,17160,15345,256,1559,KEPULAUAN BANGKA BELITUNG
2021-05-26,271,2,78,191,17431,15423,258,1750,KEPULAUAN BANGKA BELITUNG
2021-05-27,132,2,102,28,17563,15525,260,1778,KEPULAUAN BANGKA BELITUNG
2021-05-28,183,7,122,54,17746,15647,267,1832,KEPULAUAN BANGKA BELITUNG
2021-05-29,176,2,213,-39,17922,15860,269,1793,KEPULAUAN BANGKA BELITUNG
2021-05-30,245,0,120,125,18167,15980,269,1918,KEPULAUAN BANGKA BELITUNG
2021-05-31,130,0,254,-124,18297,16234,269,1794,KEPULAUAN BANGKA BELITUNG
2021-05-01,179,8,333,-162,37110,34006,803,2301,SUMATERA BARAT
2021-05-02,270,6,137,127,37380,34143,809,2428,SUMATERA BARAT
2021-05-03,58,5,98,-45,37438,34241,814,2383,SUMATERA BARAT
2021-05-04,144,5,223,-84,37582,34464,819,2299,SUMATERA BARAT
2021-05-05,263,5,208,50,37845,34672,824,2349,SUMATERA BARAT
2021-05-06,416,10,257,149,38261,34929,834,2498,SUMATERA BARAT
2021-05-07,283,7,204,72,38544,35133,841,2570,SUMATERA BARAT
2021-05-08,300,3,276,21,38844,35409,844,2591,SUMATERA BARAT
2021-05-09,322,11,171,140,39166,35580,855,2731,SUMATERA BARAT
2021-05-10,177,11,103,63,39343,35683,866,2794,SUMATERA BARAT
2021-05-11,231,3,268,-40,39574,35951,869,2754,SUMATERA BARAT
2021-05-12,443,9,184,250,40017,36135,878,3004,SUMATERA BARAT
2021-05-13,94,0,228,-134,40111,36363,878,2870,SUMATERA BARAT
2021-05-14,0,0,2,-2,40111,36365,878,2868,SUMATERA BARAT
2021-05-15,0,0,10,-10,40111,36375,878,2858,SUMATERA BARAT
2021-05-16,141,6,230,-95,40252,36605,884,2763,SUMATERA BARAT
2021-05-17,127,10,146,-29,40379,36751,894,2734,SUMATERA BARAT
2021-05-18,230,7,244,-21,40609,36995,901,2713,SUMATERA BARAT
2021-05-19,295,5,358,-68,40904,37353,906,2645,SUMATERA BARAT
2021-05-20,349,7,223,119,41253,37576,913,2764,SUMATERA BARAT
2021-05-21,362,10,314,38,41615,37890,923,2802,SUMATERA BARAT
2021-05-22,301,8,304,-11,41916,38194,931,2791,SUMATERA BARAT
2021-05-23,381,9,181,191,42297,38375,940,2982,SUMATERA BARAT
2021-05-24,154,1,194,-41,42451,38569,941,2941,SUMATERA BARAT
2021-05-25,271,8,184,79,42722,38753,949,3020,SUMATERA BARAT
2021-05-26,290,3,268,19,43012,39021,952,3039,SUMATERA BARAT
2021-05-27,313,4,137,172,43325,39158,956,3211,SUMATERA BARAT
2021-05-28,172,11,217,-56,43497,39375,967,3155,SUMATERA BARAT
2021-05-29,361,10,401,-50,43858,39776,977,3105,SUMATERA BARAT
2021-05-30,269,15,188,66,44127,39964,992,3171,SUMATERA BARAT
2021-05-31,131,2,123,6,44258,40087,994,3177,SUMATERA BARAT
2021-05-01,66,0,35,31,16041,13927,816,1298,LAMPUNG
2021-05-02,75,0,26,49,16116,13953,816,1347,LAMPUNG
2021-05-03,95,1,60,34,16211,14013,817,1381,LAMPUNG
2021-05-04,52,3,39,10,16263,14052,820,1391,LAMPUNG
2021-05-05,77,1,76,0,16340,14128,821,1391,LAMPUNG
2021-05-06,67,3,36,28,16407,14164,824,1419,LAMPUNG
2021-05-07,53,4,27,22,16460,14191,828,1441,LAMPUNG
2021-05-08,77,2,67,8,16537,14258,830,1449,LAMPUNG
2021-05-09,54,6,46,2,16591,14304,836,1451,LAMPUNG
2021-05-10,44,1,48,-5,16635,14352,837,1446,LAMPUNG
2021-05-11,85,18,217,-150,16720,14569,855,1296,LAMPUNG
2021-05-12,88,5,72,11,16808,14641,860,1307,LAMPUNG
2021-05-13,49,4,25,20,16857,14666,864,1327,LAMPUNG
2021-05-14,29,2,34,-7,16886,14700,866,1320,LAMPUNG
2021-05-15,65,0,15,50,16951,14715,866,1370,LAMPUNG
2021-05-16,58,2,24,32,17009,14739,868,1402,LAMPUNG
2021-05-17,60,5,92,-37,17069,14831,873,1365,LAMPUNG
2021-05-18,55,6,154,-105,17124,14985,879,1260,LAMPUNG
2021-05-19,64,2,18,44,17188,15003,881,1304,LAMPUNG
2021-05-20,69,23,143,-97,17257,15146,904,1207,LAMPUNG
2021-05-21,86,0,101,-15,17343,15247,904,1192,LAMPUNG
2021-05-22,70,6,56,8,17413,15303,910,1200,LAMPUNG
2021-05-23,104,0,29,75,17517,15332,910,1275,LAMPUNG
2021-05-24,94,1,41,52,17611,15373,911,1327,LAMPUNG
2021-05-25,84,3,41,40,17695,15414,914,1367,LAMPUNG
2021-05-26,75,2,57,16,17770,15471,916,1383,LAMPUNG
2021-05-27,56,5,95,-44,17826,15566,921,1339,LAMPUNG
2021-05-28,85,4,61,20,17911,15627,925,1359,LAMPUNG
2021-05-29,98,1,79,18,18009,15706,926,1377,LAMPUNG
2021-05-30,89,1,37,51,18098,15743,927,1428,LAMPUNG
2021-05-31,99,1,76,22,18197,15819,928,1450,LAMPUNG
2021-05-01,926,15,793,118,409503,395686,6661,7156,DKI JAKARTA
2021-05-02,854,10,984,-140,410357,396670,6671,7016,DKI JAKARTA
2021-05-03,757,20,687,50,411114,397357,6691,7066,DKI JAKARTA
2021-05-04,416,18,586,-188,411530,397943,6709,6878,DKI JAKARTA
2021-05-05,845,12,687,146,412375,398630,6721,7024,DKI JAKARTA
2021-05-06,906,21,566,319,413281,399196,6742,7343,DKI JAKARTA
2021-05-07,783,20,595,168,414064,399791,6762,7511,DKI JAKARTA
2021-05-08,732,26,584,122,414796,400375,6788,7633,DKI JAKARTA
2021-05-09,809,16,690,103,415605,401065,6804,7736,DKI JAKARTA
2021-05-10,694,22,607,65,416299,401672,6826,7801,DKI JAKARTA
2021-05-11,406,20,667,-281,416705,402339,6846,7520,DKI JAKARTA
2021-05-12,656,13,674,-31,417361,403013,6859,7489,DKI JAKARTA
2021-05-13,785,15,585,185,418146,403598,6874,7674,DKI JAKARTA
2021-05-14,632,16,547,69,418778,404145,6890,7743,DKI JAKARTA
2021-05-15,227,15,573,-361,419005,404718,6905,7382,DKI JAKARTA
2021-05-16,161,18,592,-449,419166,405310,6923,6933,DKI JAKARTA
2021-05-17,421,25,0,396,419587,405310,6948,7329,DKI JAKARTA
2021-05-18,219,15,194,10,419806,405504,6963,7339,DKI JAKARTA
2021-05-19,611,19,197,395,420417,405701,6982,7734,DKI JAKARTA
2021-05-20,895,20,96,779,421312,405797,7002,8513,DKI JAKARTA
2021-05-21,856,16,100,740,422168,405897,7018,9253,DKI JAKARTA
2021-05-22,932,12,397,523,423100,406294,7030,9776,DKI JAKARTA
2021-05-23,867,12,340,515,423967,406634,7042,10291,DKI JAKARTA
2021-05-24,819,10,302,507,424786,406936,7052,10798,DKI JAKARTA
2021-05-25,384,14,506,-136,425170,407442,7066,10662,DKI JAKARTA
2021-05-26,617,11,516,90,425787,407958,7077,10752,DKI JAKARTA
2021-05-27,940,18,586,336,426727,408544,7095,11088,DKI JAKARTA
2021-05-28,602,19,908,-325,427329,409452,7114,10763,DKI JAKARTA
2021-05-29,898,12,998,-112,428227,410450,7126,10651,DKI JAKARTA
2021-05-30,1064,13,1004,47,429291,411454,7139,10698,DKI JAKARTA
2021-05-31,726,19,581,126,430017,412035,7158,10824,DKI JAKARTA
2021-05-01,202,20,231,-49,184970,165663,8427,10880,JAWA TENGAH
2021-05-02,178,18,80,80,185148,165743,8445,10960,JAWA TENGAH
2021-05-03,540,32,598,-90,185688,166341,8477,10870,JAWA TENGAH
2021-05-04,382,27,659,-304,186070,167000,8504,10566,JAWA TENGAH
2021-05-05,544,59,586,-101,186614,167586,8563,10465,JAWA TENGAH
2021-05-06,372,13,403,-44,186986,167989,8576,10421,JAWA TENGAH
2021-05-07,535,12,763,-240,187521,168752,8588,10181,JAWA TENGAH
2021-05-08,138,54,408,-324,187659,169160,8642,9857,JAWA TENGAH
2021-05-09,139,41,445,-347,187798,169605,8683,9510,JAWA TENGAH
2021-05-10,857,76,739,42,188655,170344,8759,9552,JAWA TENGAH
2021-05-11,546,80,773,-307,189201,171117,8839,9245,JAWA TENGAH
2021-05-12,116,24,289,-197,189317,171406,8863,9048,JAWA TENGAH
2021-05-13,480,2,1143,-665,189797,172549,8865,8383,JAWA TENGAH
2021-05-14,165,21,442,-298,189962,172991,8886,8085,JAWA TENGAH
2021-05-15,251,35,425,-209,190213,173416,8921,7876,JAWA TENGAH
2021-05-16,349,16,392,-59,190562,173808,8937,7817,JAWA TENGAH
2021-05-17,689,43,899,-253,191251,174707,8980,7564,JAWA TENGAH
2021-05-18,575,16,631,-72,191826,175338,8996,7492,JAWA TENGAH
2021-05-19,415,53,182,180,192241,175520,9049,7672,JAWA TENGAH
2021-05-20,576,68,422,86,192817,175942,9117,7758,JAWA TENGAH
2021-05-21,672,44,159,469,193489,176101,9161,8227,JAWA TENGAH
2021-05-22,514,32,117,365,194003,176218,9193,8592,JAWA TENGAH
2021-05-23,367,21,254,92,194370,176472,9214,8684,JAWA TENGAH
2021-05-24,933,14,877,42,195303,177349,9228,8726,JAWA TENGAH
2021-05-25,712,28,332,352,196015,177681,9256,9078,JAWA TENGAH
2021-05-26,550,23,247,280,196565,177928,9279,9358,JAWA TENGAH
2021-05-27,713,5,237,471,197278,178165,9284,9829,JAWA TENGAH
2021-05-28,686,46,631,9,197964,178796,9330,9838,JAWA TENGAH
2021-05-29,1079,21,651,407,199043,179447,9351,10245,JAWA TENGAH
2021-05-30,1019,9,271,739,200062,179718,9360,10984,JAWA TENGAH
2021-05-31,921,22,574,325,200983,180292,9382,11309,JAWA TENGAH
2021-05-01,180,1,111,68,11355,9752,257,1346,KEPULAUAN RIAU
2021-05-02,145,0,8,137,11500,9760,257,1483,KEPULAUAN RIAU
2021-05-03,153,0,0,153,11653,9760,257,1636,KEPULAUAN RIAU
2021-05-04,134,3,173,-42,11787,9933,260,1594,KEPULAUAN RIAU
2021-05-05,94,0,111,-17,11881,10044,260,1577,KEPULAUAN RIAU
2021-05-06,253,11,89,153,12134,10133,271,1730,KEPULAUAN RIAU
2021-05-07,94,0,33,61,12228,10166,271,1791,KEPULAUAN RIAU
2021-05-08,112,0,19,93,12340,10185,271,1884,KEPULAUAN RIAU
2021-05-09,92,0,311,-219,12432,10496,271,1665,KEPULAUAN RIAU
2021-05-10,109,0,82,27,12541,10578,271,1692,KEPULAUAN RIAU
2021-05-11,147,2,132,13,12688,10710,273,1705,KEPULAUAN RIAU
2021-05-12,125,0,3,122,12813,10713,273,1827,KEPULAUAN RIAU
2021-05-13,98,12,255,-169,12911,10968,285,1658,KEPULAUAN RIAU
2021-05-14,98,0,13,85,13009,10981,285,1743,KEPULAUAN RIAU
2021-05-15,190,1,9,180,13199,10990,286,1923,KEPULAUAN RIAU
2021-05-16,222,12,242,-32,13421,11232,298,1891,KEPULAUAN RIAU
2021-05-17,106,1,4,101,13527,11236,299,1992,KEPULAUAN RIAU
2021-05-18,164,2,128,34,13691,11364,301,2026,KEPULAUAN RIAU
2021-05-19,137,0,103,34,13828,11467,301,2060,KEPULAUAN RIAU
2021-05-20,205,0,281,-76,14033,11748,301,1984,KEPULAUAN RIAU
2021-05-21,236,9,46,181,14269,11794,310,2165,KEPULAUAN RIAU
2021-05-22,174,0,60,114,14443,11854,310,2279,KEPULAUAN RIAU
2021-05-23,215,0,25,190,14658,11879,310,2469,KEPULAUAN RIAU
2021-05-24,247,1,313,-67,14905,12192,311,2402,KEPULAUAN RIAU
2021-05-25,191,2,21,168,15096,12213,313,2570,KEPULAUAN RIAU
2021-05-26,190,3,56,131,15286,12269,316,2701,KEPULAUAN RIAU
2021-05-27,411,0,82,329,15697,12351,316,3030,KEPULAUAN RIAU
2021-05-28,219,8,154,57,15916,12505,324,3087,KEPULAUAN RIAU
2021-05-29,456,8,175,273,16372,12680,332,3360,KEPULAUAN RIAU
2021-05-30,294,7,201,86,16666,12881,339,3446,KEPULAUAN RIAU
2021-05-31,161,0,16,145,16827,12897,339,3591,KEPULAUAN RIAU
2021-05-01,142,10,165,-33,44813,42132,1346,1335,BALI
2021-05-02,86,5,61,20,44899,42193,1351,1355,BALI
2021-05-03,105,9,131,-35,45004,42324,1360,1320,BALI
2021-05-04,150,9,123,18,45154,42447,1369,1338,BALI
2021-05-05,128,9,126,-7,45282,42573,1378,1331,BALI
2021-05-06,146,11,156,-21,45428,42729,1389,1310,BALI
2021-05-07,114,5,150,-41,45542,42879,1394,1269,BALI
2021-05-08,113,8,130,-25,45655,43009,1402,1244,BALI
2021-05-09,103,5,103,-5,45758,43112,1407,1239,BALI
2021-05-10,74,9,134,-69,45832,43246,1416,1170,BALI
2021-05-11,101,9,90,2,45933,43336,1425,1172,BALI
2021-05-12,97,6,120,-29,46030,43456,1431,1143,BALI
2021-05-13,94,4,88,2,46124,43544,1435,1145,BALI
2021-05-14,47,4,98,-55,46171,43642,1439,1090,BALI
2021-05-15,45,3,121,-79,46216,43763,1442,1011,BALI
2021-05-16,74,4,52,18,46290,43815,1446,1029,BALI
2021-05-17,74,5,135,-66,46364,43950,1451,963,BALI
2021-05-18,79,4,114,-39,46443,44064,1455,924,BALI
2021-05-19,112,8,125,-21,46555,44189,1463,903,BALI
2021-05-20,83,4,94,-15,46638,44283,1467,888,BALI
2021-05-21,100,1,185,-86,46738,44468,1468,802,BALI
2021-05-22,50,5,83,-38,46788,44551,1473,764,BALI
2021-05-23,68,2,48,18,46856,44599,1475,782,BALI
2021-05-24,62,1,70,-9,46918,44669,1476,773,BALI
2021-05-25,55,5,83,-33,46973,44752,1481,740,BALI
2021-05-26,59,5,41,13,47032,44793,1486,753,BALI
2021-05-27,31,5,74,-48,47063,44867,1491,705,BALI
2021-05-28,61,6,69,-14,47124,44936,1497,691,BALI
2021-05-29,49,2,72,-25,47173,45008,1499,666,BALI
2021-05-30,42,2,42,-2,47215,45050,1501,664,BALI
2021-05-31,44,3,94,-53,47259,45144,1504,611,BALI
2021-05-01,98,0,68,30,7836,6826,42,968,KALIMANTAN BARAT
2021-05-02,95,1,73,21,7931,6899,43,989,KALIMANTAN BARAT
2021-05-03,0,1,0,-1,7931,6899,44,988,KALIMANTAN BARAT
2021-05-04,117,0,99,18,8048,6998,44,1006,KALIMANTAN BARAT
2021-05-05,116,4,100,12,8164,7098,48,1018,KALIMANTAN BARAT
2021-05-06,120,5,89,26,8284,7187,53,1044,KALIMANTAN BARAT
2021-05-07,133,0,95,38,8417,7282,53,1082,KALIMANTAN BARAT
2021-05-08,74,0,49,25,8491,7331,53,1107,KALIMANTAN BARAT
2021-05-09,124,2,121,1,8615,7452,55,1108,KALIMANTAN BARAT
2021-05-10,65,2,87,-24,8680,7539,57,1084,KALIMANTAN BARAT
2021-05-11,88,0,119,-31,8768,7658,57,1053,KALIMANTAN BARAT
2021-05-12,138,3,62,73,8906,7720,60,1126,KALIMANTAN BARAT
2021-05-13,103,3,245,-145,9009,7965,63,981,KALIMANTAN BARAT
2021-05-14,107,1,157,-51,9116,8122,64,930,KALIMANTAN BARAT
2021-05-15,67,0,174,-107,9183,8296,64,823,KALIMANTAN BARAT
2021-05-16,97,1,17,79,9280,8313,65,902,KALIMANTAN BARAT
2021-05-17,72,3,161,-92,9352,8474,68,810,KALIMANTAN BARAT
2021-05-18,133,1,75,57,9485,8549,69,867,KALIMANTAN BARAT
2021-05-19,117,0,214,-97,9602,8763,69,770,KALIMANTAN BARAT
2021-05-20,128,0,42,86,9730,8805,69,856,KALIMANTAN BARAT
2021-05-21,117,0,162,-45,9847,8967,69,811,KALIMANTAN BARAT
2021-05-22,84,8,64,12,9931,9031,77,823,KALIMANTAN BARAT
2021-05-23,118,2,109,7,10049,9140,79,830,KALIMANTAN BARAT
2021-05-24,83,1,98,-16,10132,9238,80,814,KALIMANTAN BARAT
2021-05-25,114,0,37,77,10246,9275,80,891,KALIMANTAN BARAT
2021-05-26,121,3,100,18,10367,9375,83,909,KALIMANTAN BARAT
2021-05-27,119,1,40,78,10486,9415,84,987,KALIMANTAN BARAT
2021-05-28,98,2,192,-96,10584,9607,86,891,KALIMANTAN BARAT
2021-05-29,99,1,111,-13,10683,9718,87,878,KALIMANTAN BARAT
2021-05-30,133,2,62,69,10816,9780,89,947,KALIMANTAN BARAT
2021-05-31,38,3,146,-111,10854,9926,92,836,KALIMANTAN BARAT
2021-05-01,108,1,12,95,20179,16954,447,2778,KALIMANTAN TENGAH
2021-05-02,49,3,13,33,20228,16967,450,2811,KALIMANTAN TENGAH
2021-05-03,74,0,167,-93,20302,17134,450,2718,KALIMANTAN TENGAH
2021-05-04,101,0,243,-142,20403,17377,450,2576,KALIMANTAN TENGAH
2021-05-05,91,1,338,-248,20494,17715,451,2328,KALIMANTAN TENGAH
2021-05-06,74,0,41,33,20568,17756,451,2361,KALIMANTAN TENGAH
2021-05-07,84,0,125,-41,20652,17881,451,2320,KALIMANTAN TENGAH
2021-05-08,125,2,51,72,20777,17932,453,2392,KALIMANTAN TENGAH
2021-05-09,90,0,21,69,20867,17953,453,2461,KALIMANTAN TENGAH
2021-05-10,61,4,149,-92,20928,18102,457,2369,KALIMANTAN TENGAH
2021-05-11,58,9,57,-8,20986,18159,466,2361,KALIMANTAN TENGAH
2021-05-12,79,1,50,28,21065,18209,467,2389,KALIMANTAN TENGAH
2021-05-13,59,0,3,56,21124,18212,467,2445,KALIMANTAN TENGAH
2021-05-14,55,0,3,52,21179,18215,467,2497,KALIMANTAN TENGAH
2021-05-15,27,7,113,-93,21206,18328,474,2404,KALIMANTAN TENGAH
2021-05-16,46,1,39,6,21252,18367,475,2410,KALIMANTAN TENGAH
2021-05-17,57,6,160,-109,21309,18527,481,2301,KALIMANTAN TENGAH
2021-05-18,83,2,52,29,21392,18579,483,2330,KALIMANTAN TENGAH
2021-05-19,82,0,13,69,21474,18592,483,2399,KALIMANTAN TENGAH
2021-05-20,94,0,87,7,21568,18679,483,2406,KALIMANTAN TENGAH
2021-05-21,92,4,68,20,21660,18747,487,2426,KALIMANTAN TENGAH
2021-05-22,96,0,13,83,21756,18760,487,2509,KALIMANTAN TENGAH
2021-05-23,96,0,2,94,21852,18762,487,2603,KALIMANTAN TENGAH
2021-05-24,68,2,84,-18,21920,18846,489,2585,KALIMANTAN TENGAH
2021-05-25,71,2,76,-7,21991,18922,491,2578,KALIMANTAN TENGAH
2021-05-26,91,1,81,9,22082,19003,492,2587,KALIMANTAN TENGAH
2021-05-27,60,3,30,27,22142,19033,495,2614,KALIMANTAN TENGAH
2021-05-28,82,1,11,70,22224,19044,496,2684,KALIMANTAN TENGAH
2021-05-29,155,2,13,140,22379,19057,498,2824,KALIMANTAN TENGAH
2021-05-30,111,2,23,86,22490,19080,500,2910,KALIMANTAN TENGAH
2021-05-31,73,1,116,-44,22563,19196,501,2866,KALIMANTAN TENGAH
2021-05-01,6,0,16,-10,15655,13082,504,2069,SULAWESI UTARA
2021-05-02,1,3,143,-145,15656,13225,507,1924,SULAWESI UTARA
2021-05-03,0,1,9,-10,15656,13234,508,1914,SULAWESI UTARA
2021-05-04,6,0,66,-60,15662,13300,508,1854,SULAWESI UTARA
2021-05-05,2,0,7,-5,15664,13307,508,1849,SULAWESI UTARA
2021-05-06,0,0,120,-120,15664,13427,508,1729,SULAWESI UTARA
2021-05-07,7,0,31,-24,15671,13458,508,1705,SULAWESI UTARA
2021-05-08,9,1,34,-26,15680,13492,509,1679,SULAWESI UTARA
2021-05-09,0,1,54,-55,15680,13546,510,1624,SULAWESI UTARA
2021-05-10,1,0,6,-5,15681,13552,510,1619,SULAWESI UTARA
2021-05-11,6,0,1,5,15687,13553,510,1624,SULAWESI UTARA
2021-05-12,9,11,50,-52,15696,13603,521,1572,SULAWESI UTARA
2021-05-13,26,1,1,24,15722,13604,522,1596,SULAWESI UTARA
2021-05-14,0,1,328,-329,15722,13932,523,1267,SULAWESI UTARA
2021-05-15,0,10,390,-400,15722,14322,533,867,SULAWESI UTARA
2021-05-16,0,4,173,-177,15722,14495,537,690,SULAWESI UTARA
2021-05-17,1,0,258,-257,15723,14753,537,433,SULAWESI UTARA
2021-05-18,0,0,1,-1,15723,14754,537,432,SULAWESI UTARA
2021-05-19,3,0,13,-10,15726,14767,537,422,SULAWESI UTARA
2021-05-20,7,2,10,-5,15733,14777,539,417,SULAWESI UTARA
2021-05-21,2,0,27,-25,15735,14804,539,392,SULAWESI UTARA
2021-05-22,11,1,0,10,15746,14804,540,402,SULAWESI UTARA
2021-05-23,8,0,28,-20,15754,14832,540,382,SULAWESI UTARA
2021-05-24,0,0,29,-29,15754,14861,540,353,SULAWESI UTARA
2021-05-25,1,0,17,-16,15755,14878,540,337,SULAWESI UTARA
2021-05-26,4,0,6,-2,15759,14884,540,335,SULAWESI UTARA
2021-05-27,4,7,19,-22,15763,14903,547,313,SULAWESI UTARA
2021-05-28,0,0,3,-3,15763,14906,547,310,SULAWESI UTARA
2021-05-29,1,0,1,0,15764,14907,547,310,SULAWESI UTARA
2021-05-30,4,0,13,-9,15768,14920,547,301,SULAWESI UTARA
2021-05-31,3,0,10,-7,15771,14930,547,294,SULAWESI UTARA
2021-05-01,60,3,50,7,7730,6215,114,1401,JAMBI
2021-05-02,78,2,33,43,7808,6248,116,1444,JAMBI
2021-05-03,82,1,44,37,7890,6292,117,1481,JAMBI
2021-05-04,50,3,63,-16,7940,6355,120,1465,JAMBI
2021-05-05,102,2,63,37,8042,6418,122,1502,JAMBI
2021-05-06,84,2,45,37,8126,6463,124,1539,JAMBI
2021-05-07,87,9,93,-15,8213,6556,133,1524,JAMBI
2021-05-08,88,3,37,48,8301,6593,136,1572,JAMBI
2021-05-09,75,0,62,13,8376,6655,136,1585,JAMBI
2021-05-10,71,1,65,5,8447,6720,137,1590,JAMBI
2021-05-11,64,1,58,5,8511,6778,138,1595,JAMBI
2021-05-12,60,0,57,3,8571,6835,138,1598,JAMBI
2021-05-13,14,0,20,-6,8585,6855,138,1592,JAMBI
2021-05-14,64,2,39,23,8649,6894,140,1615,JAMBI
2021-05-15,0,1,69,-70,8649,6963,141,1545,JAMBI
2021-05-16,22,1,22,-1,8671,6985,142,1544,JAMBI
2021-05-17,21,0,48,-27,8692,7033,142,1517,JAMBI
2021-05-18,5,0,61,-56,8697,7094,142,1461,JAMBI
2021-05-19,45,1,58,-14,8742,7152,143,1447,JAMBI
2021-05-20,83,6,46,31,8825,7198,149,1478,JAMBI
2021-05-21,67,2,44,21,8892,7242,151,1499,JAMBI
2021-05-22,63,4,57,2,8955,7299,155,1501,JAMBI
2021-05-23,55,6,99,-50,9010,7398,161,1451,JAMBI
2021-05-24,76,0,61,15,9086,7459,161,1466,JAMBI
2021-05-25,59,3,65,-9,9145,7524,164,1457,JAMBI
2021-05-26,77,0,76,1,9222,7600,164,1458,JAMBI
2021-05-27,74,2,20,52,9296,7620,166,1510,JAMBI
2021-05-28,63,0,146,-83,9359,7766,166,1427,JAMBI
2021-05-29,79,6,46,27,9438,7812,172,1454,JAMBI
2021-05-30,90,8,1,81,9528,7813,180,1535,JAMBI
2021-05-31,84,3,4,77,9612,7817,183,1612,JAMBI
2021-05-01,20,2,25,-7,12302,11213,334,755,SULAWESI TENGAH
2021-05-02,14,1,11,2,12316,11224,335,757,SULAWESI TENGAH
2021-05-03,56,2,94,-40,12372,11318,337,717,SULAWESI TENGAH
2021-05-04,22,1,97,-76,12394,11415,338,641,SULAWESI TENGAH
2021-05-05,29,3,129,-103,12423,11544,341,538,SULAWESI TENGAH
2021-05-06,47,0,50,-3,12470,11594,341,535,SULAWESI TENGAH
2021-05-07,36,0,33,3,12506,11627,341,538,SULAWESI TENGAH
2021-05-08,11,1,16,-6,12517,11643,342,532,SULAWESI TENGAH
2021-05-09,5,0,10,-5,12522,11653,342,527,SULAWESI TENGAH
2021-05-10,18,3,65,-50,12540,11718,345,477,SULAWESI TENGAH
2021-05-11,57,1,22,34,12597,11740,346,511,SULAWESI TENGAH
2021-05-12,66,1,11,54,12663,11751,347,565,SULAWESI TENGAH
2021-05-13,2,0,6,-4,12665,11757,347,561,SULAWESI TENGAH
2021-05-14,16,0,20,-4,12681,11777,347,557,SULAWESI TENGAH
2021-05-15,4,1,20,-17,12685,11797,348,540,SULAWESI TENGAH
2021-05-16,0,1,9,-10,12685,11806,349,530,SULAWESI TENGAH
2021-05-17,14,2,79,-67,12699,11885,351,463,SULAWESI TENGAH
2021-05-18,17,2,48,-33,12716,11933,353,430,SULAWESI TENGAH
2021-05-19,8,0,16,-8,12724,11949,353,422,SULAWESI TENGAH
2021-05-20,8,3,71,-66,12732,12020,356,356,SULAWESI TENGAH
2021-05-21,7,0,23,-16,12739,12043,356,340,SULAWESI TENGAH
2021-05-22,15,1,0,14,12754,12043,357,354,SULAWESI TENGAH
2021-05-23,12,0,14,-2,12766,12057,357,352,SULAWESI TENGAH
2021-05-24,21,1,15,5,12787,12072,358,357,SULAWESI TENGAH
2021-05-25,15,0,126,-111,12802,12198,358,246,SULAWESI TENGAH
2021-05-26,17,2,10,5,12819,12208,360,251,SULAWESI TENGAH
2021-05-27,7,0,33,-26,12826,12241,360,225,SULAWESI TENGAH
2021-05-28,18,1,9,8,12844,12250,361,233,SULAWESI TENGAH
2021-05-29,35,4,4,27,12879,12254,365,260,SULAWESI TENGAH
2021-05-30,14,0,2,12,12893,12256,365,272,SULAWESI TENGAH
2021-05-31,3,0,12,-9,12896,12268,365,263,SULAWESI TENGAH
2021-05-01,6,4,49,-47,5399,5078,165,156,GORONTALO
2021-05-02,0,1,2,-3,5399,5080,166,153,GORONTALO
2021-05-03,3,2,3,-2,5402,5083,168,151,GORONTALO
2021-05-04,4,0,4,0,5406,5087,168,151,GORONTALO
2021-05-05,4,0,13,-9,5410,5100,168,142,GORONTALO
2021-05-06,11,0,4,7,5421,5104,168,149,GORONTALO
2021-05-07,0,1,2,-3,5421,5106,169,146,GORONTALO
2021-05-08,2,0,0,2,5423,5106,169,148,GORONTALO
2021-05-09,0,1,1,-2,5423,5107,170,146,GORONTALO
2021-05-10,0,0,3,-3,5423,5110,170,143,GORONTALO
2021-05-11,7,0,3,4,5430,5113,170,147,GORONTALO
2021-05-12,0,0,0,0,5430,5113,170,147,GORONTALO
2021-05-13,1,0,0,1,5431,5113,170,148,GORONTALO
2021-05-14,1,0,2,-1,5432,5115,170,147,GORONTALO
2021-05-15,0,0,2,-2,5432,5117,170,145,GORONTALO
2021-05-16,3,0,0,3,5435,5117,170,148,GORONTALO
2021-05-17,2,0,8,-6,5437,5125,170,142,GORONTALO
2021-05-18,6,0,0,6,5443,5125,170,148,GORONTALO
2021-05-19,5,0,1,4,5448,5126,170,152,GORONTALO
2021-05-20,0,0,0,0,5448,5126,170,152,GORONTALO
2021-05-21,5,0,0,5,5453,5126,170,157,GORONTALO
2021-05-22,3,0,0,3,5456,5126,170,160,GORONTALO
2021-05-23,5,0,0,5,5461,5126,170,165,GORONTALO
2021-05-24,2,0,3,-1,5463,5129,170,164,GORONTALO
2021-05-25,8,0,3,5,5471,5132,170,169,GORONTALO
2021-05-26,1,0,1,0,5472,5133,170,169,GORONTALO
2021-05-27,11,0,0,11,5483,5133,170,180,GORONTALO
2021-05-28,1,0,0,1,5484,5133,170,181,GORONTALO
2021-05-29,6,2,102,-98,5490,5235,172,83,GORONTALO
2021-05-30,11,0,0,11,5501,5235,172,94,GORONTALO
2021-05-31,4,0,4,0,5505,5239,172,94,GORONTALO
2021-05-01,782,6,590,186,283457,248341,3770,31346,JAWA BARAT
2021-05-02,710,9,548,153,284167,248889,3779,31499,JAWA BARAT
2021-05-03,1179,18,1038,123,285346,249927,3797,31622,JAWA BARAT
2021-05-04,909,27,1259,-377,286255,251186,3824,31245,JAWA BARAT
2021-05-05,979,26,1376,-423,287234,252562,3850,30822,JAWA BARAT
2021-05-06,1056,7,1501,-452,288290,254063,3857,30370,JAWA BARAT
2021-05-07,1929,25,1221,683,290219,255284,3882,31053,JAWA BARAT
2021-05-08,2263,5,1963,295,292482,257247,3887,31348,JAWA BARAT
2021-05-09,516,9,592,-85,292998,257839,3896,31263,JAWA BARAT
2021-05-10,1020,14,2278,-1272,294018,260117,3910,29991,JAWA BARAT
2021-05-11,1410,18,1018,374,295428,261135,3928,30365,JAWA BARAT
2021-05-12,786,23,772,-9,296214,261907,3951,30356,JAWA BARAT
2021-05-13,413,11,628,-226,296627,262535,3962,30130,JAWA BARAT
2021-05-14,594,3,719,-128,297221,263254,3965,30002,JAWA BARAT
2021-05-15,749,8,717,24,297970,263971,3973,30026,JAWA BARAT
2021-05-16,847,4,439,404,298817,264410,3977,30430,JAWA BARAT
2021-05-17,1290,26,1253,11,300107,265663,4003,30441,JAWA BARAT
2021-05-18,1102,36,1423,-357,301209,267086,4039,30084,JAWA BARAT
2021-05-19,1230,9,1408,-187,302439,268494,4048,29897,JAWA BARAT
2021-05-20,1315,14,1254,47,303754,269748,4062,29944,JAWA BARAT
2021-05-21,1083,17,1488,-422,304837,271236,4079,29522,JAWA BARAT
2021-05-22,1067,16,698,353,305904,271934,4095,29875,JAWA BARAT
2021-05-23,1048,7,716,325,306952,272650,4102,30200,JAWA BARAT
2021-05-24,1293,15,1214,64,308245,273864,4117,30264,JAWA BARAT
2021-05-25,1057,14,988,55,309302,274852,4131,30319,JAWA BARAT
2021-05-26,772,12,667,93,310074,275519,4143,30412,JAWA BARAT
2021-05-27,1268,19,1066,183,311342,276585,4162,30595,JAWA BARAT
2021-05-28,1165,20,934,211,312507,277519,4182,30806,JAWA BARAT
2021-05-29,964,10,959,-5,313471,278478,4192,30801,JAWA BARAT
2021-05-30,749,11,528,210,314220,279006,4203,31011,JAWA BARAT
2021-05-31,1185,26,1248,-89,315405,280254,4229,30922,JAWA BARAT
2021-05-01,231,20,202,9,147948,134984,10681,2283,JAWA TIMUR
2021-05-02,206,29,208,-31,148154,135192,10710,2252,JAWA TIMUR
2021-05-03,217,20,253,-56,148371,135445,10730,2196,JAWA TIMUR
2021-05-04,290,33,250,7,148661,135695,10763,2203,JAWA TIMUR
2021-05-05,271,28,225,18,148932,135920,10791,2221,JAWA TIMUR
2021-05-06,255,28,249,-22,149187,136169,10819,2199,JAWA TIMUR
2021-05-07,235,22,283,-70,149422,136452,10841,2129,JAWA TIMUR
2021-05-08,224,20,207,-3,149646,136659,10861,2126,JAWA TIMUR
2021-05-09,230,19,196,15,149876,136855,10880,2141,JAWA TIMUR
2021-05-10,205,21,213,-29,150081,137068,10901,2112,JAWA TIMUR
2021-05-11,258,33,216,9,150339,137284,10934,2121,JAWA TIMUR
2021-05-12,248,24,223,1,150587,137507,10958,2122,JAWA TIMUR
2021-05-13,147,12,151,-16,150734,137658,10970,2106,JAWA TIMUR
2021-05-14,142,15,175,-48,150876,137833,10985,2058,JAWA TIMUR
2021-05-15,183,29,319,-165,151059,138152,11014,1893,JAWA TIMUR
2021-05-16,163,17,163,-17,151222,138315,11031,1876,JAWA TIMUR
2021-05-17,202,25,273,-96,151424,138588,11056,1780,JAWA TIMUR
2021-05-18,227,22,229,-24,151651,138817,11078,1756,JAWA TIMUR
2021-05-19,254,32,195,27,151905,139012,11110,1783,JAWA TIMUR
2021-05-20,260,22,242,-4,152165,139254,11132,1779,JAWA TIMUR
2021-05-21,243,17,176,50,152408,139430,11149,1829,JAWA TIMUR
2021-05-22,233,16,198,19,152641,139628,11165,1848,JAWA TIMUR
2021-05-23,228,17,205,6,152869,139833,11182,1854,JAWA TIMUR
2021-05-24,227,20,208,-1,153096,140041,11202,1853,JAWA TIMUR
2021-05-25,217,24,183,10,153313,140224,11226,1863,JAWA TIMUR
2021-05-26,256,21,126,109,153569,140350,11247,1972,JAWA TIMUR
2021-05-27,218,25,182,11,153787,140532,11272,1983,JAWA TIMUR
2021-05-28,246,21,205,20,154033,140737,11293,2003,JAWA TIMUR
2021-05-29,255,20,293,-58,154288,141030,11313,1945,JAWA TIMUR
2021-05-30,217,18,159,40,154505,141189,11331,1985,JAWA TIMUR
2021-05-31,249,31,226,-8,154754,141415,11362,1977,JAWA TIMUR
2021-05-01,0,0,3,-3,7530,7130,117,283,MALUKU
2021-05-02,5,0,7,-2,7535,7137,117,281,MALUKU
2021-05-03,14,0,0,14,7549,7137,117,295,MALUKU
2021-05-04,0,0,0,0,7549,7137,117,295,MALUKU
2021-05-05,18,0,7,11,7567,7144,117,306,MALUKU
2021-05-06,7,0,5,2,7574,7149,117,308,MALUKU
2021-05-07,0,0,15,-15,7574,7164,117,293,MALUKU
2021-05-08,19,0,4,15,7593,7168,117,308,MALUKU
2021-05-09,3,0,0,3,7596,7168,117,311,MALUKU
2021-05-10,0,0,0,0,7596,7168,117,311,MALUKU
2021-05-11,1,1,4,-4,7597,7172,118,307,MALUKU
2021-05-12,0,1,20,-21,7597,7192,119,286,MALUKU
2021-05-13,0,0,0,0,7597,7192,119,286,MALUKU
2021-05-14,32,0,9,23,7629,7201,119,309,MALUKU
2021-05-15,7,1,16,-10,7636,7217,120,299,MALUKU
2021-05-16,0,0,0,0,7636,7217,120,299,MALUKU
2021-05-17,20,0,5,15,7656,7222,120,314,MALUKU
2021-05-18,0,0,6,-6,7656,7228,120,308,MALUKU
2021-05-19,0,0,0,0,7656,7228,120,308,MALUKU
2021-05-20,7,0,5,2,7663,7233,120,310,MALUKU
2021-05-21,8,0,52,-44,7671,7285,120,266,MALUKU
2021-05-22,0,0,0,0,7671,7285,120,266,MALUKU
2021-05-23,5,0,34,-29,7676,7319,120,237,MALUKU
2021-05-24,0,0,19,-19,7676,7338,120,218,MALUKU
2021-05-25,42,1,6,35,7718,7344,121,253,MALUKU
2021-05-26,0,0,0,0,7718,7344,121,253,MALUKU
2021-05-27,9,1,7,1,7727,7351,122,254,MALUKU
2021-05-28,0,0,0,0,7727,7351,122,254,MALUKU
2021-05-29,14,0,13,1,7741,7364,122,255,MALUKU
2021-05-30,0,0,0,0,7741,7364,122,255,MALUKU
2021-05-31,3,0,6,-3,7744,7370,122,252,MALUKU
2021-05-01,25,0,16,9,61519,60229,932,358,SULAWESI SELATAN
2021-05-02,4,0,13,-9,61523,60242,932,349,SULAWESI SELATAN
2021-05-03,13,0,9,4,61536,60251,932,353,SULAWESI SELATAN
2021-05-04,21,0,8,13,61557,60259,932,366,SULAWESI SELATAN
2021-05-05,6,0,56,-50,61563,60315,932,316,SULAWESI SELATAN
2021-05-06,17,0,23,-6,61580,60338,932,310,SULAWESI SELATAN
2021-05-07,27,0,18,9,61607,60356,932,319,SULAWESI SELATAN
2021-05-08,17,0,14,3,61624,60370,932,322,SULAWESI SELATAN
2021-05-09,11,0,6,5,61635,60376,932,327,SULAWESI SELATAN
2021-05-10,27,0,15,12,61662,60391,932,339,SULAWESI SELATAN
2021-05-11,26,0,32,-6,61688,60423,932,333,SULAWESI SELATAN
2021-05-12,11,0,3,8,61699,60426,932,341,SULAWESI SELATAN
2021-05-13,2,0,5,-3,61701,60431,932,338,SULAWESI SELATAN
2021-05-14,6,0,4,2,61707,60435,932,340,SULAWESI SELATAN
2021-05-15,2,0,5,-3,61709,60440,932,337,SULAWESI SELATAN
2021-05-16,4,0,3,1,61713,60443,932,338,SULAWESI SELATAN
2021-05-17,20,1,29,-10,61733,60472,933,328,SULAWESI SELATAN
2021-05-18,22,0,25,-3,61755,60497,933,325,SULAWESI SELATAN
2021-05-19,39,0,16,23,61794,60513,933,348,SULAWESI SELATAN
2021-05-20,57,0,21,36,61851,60534,933,384,SULAWESI SELATAN
2021-05-21,54,1,37,16,61905,60571,934,400,SULAWESI SELATAN
2021-05-22,3,3,44,-44,61908,60615,937,356,SULAWESI SELATAN
2021-05-23,41,1,30,10,61949,60645,938,366,SULAWESI SELATAN
2021-05-24,14,1,8,5,61963,60653,939,371,SULAWESI SELATAN
2021-05-25,51,0,3,48,62014,60656,939,419,SULAWESI SELATAN
2021-05-26,9,0,4,5,62023,60660,939,424,SULAWESI SELATAN
2021-05-27,33,2,29,2,62056,60689,941,426,SULAWESI SELATAN
2021-05-28,32,1,29,2,62088,60718,942,428,SULAWESI SELATAN
2021-05-29,18,0,39,-21,62106,60757,942,407,SULAWESI SELATAN
2021-05-30,61,1,15,45,62167,60772,943,452,SULAWESI SELATAN
2021-05-31,8,0,16,-8,62175,60788,943,444,SULAWESI SELATAN
2021-05-01,147,5,74,68,20595,18086,997,1512,SUMATERA SELATAN
2021-05-02,130,8,44,78,20725,18130,1005,1590,SUMATERA SELATAN
2021-05-03,113,9,252,-148,20838,18382,1014,1442,SUMATERA SELATAN
2021-05-04,111,10,166,-65,20949,18548,1024,1377,SUMATERA SELATAN
2021-05-05,129,10,51,68,21078,18599,1034,1445,SUMATERA SELATAN
2021-05-06,130,7,127,-4,21208,18726,1041,1441,SUMATERA SELATAN
2021-05-07,142,4,112,26,21350,18838,1045,1467,SUMATERA SELATAN
2021-05-08,150,13,298,-161,21500,19136,1058,1306,SUMATERA SELATAN
2021-05-09,140,5,126,9,21640,19262,1063,1315,SUMATERA SELATAN
2021-05-10,131,7,149,-25,21771,19411,1070,1290,SUMATERA SELATAN
2021-05-11,100,8,122,-30,21871,19533,1078,1260,SUMATERA SELATAN
2021-05-12,126,5,75,46,21997,19608,1083,1306,SUMATERA SELATAN
2021-05-13,99,1,37,61,22096,19645,1084,1367,SUMATERA SELATAN
2021-05-14,67,6,47,14,22163,19692,1090,1381,SUMATERA SELATAN
2021-05-15,74,4,33,37,22237,19725,1094,1418,SUMATERA SELATAN
2021-05-16,77,9,224,-156,22314,19949,1103,1262,SUMATERA SELATAN
2021-05-17,106,5,220,-119,22420,20169,1108,1143,SUMATERA SELATAN
2021-05-18,68,11,188,-131,22488,20357,1119,1012,SUMATERA SELATAN
2021-05-19,75,13,115,-53,22563,20472,1132,959,SUMATERA SELATAN
2021-05-20,95,15,123,-43,22658,20595,1147,916,SUMATERA SELATAN
2021-05-21,120,6,63,51,22778,20658,1153,967,SUMATERA SELATAN
2021-05-22,204,5,112,87,22982,20770,1158,1054,SUMATERA SELATAN
2021-05-23,194,11,81,102,23176,20851,1169,1156,SUMATERA SELATAN
2021-05-24,130,9,93,28,23306,20944,1178,1184,SUMATERA SELATAN
2021-05-25,129,10,97,22,23435,21041,1188,1206,SUMATERA SELATAN
2021-05-26,159,6,46,107,23594,21087,1194,1313,SUMATERA SELATAN
2021-05-27,157,7,103,47,23751,21190,1201,1360,SUMATERA SELATAN
2021-05-28,152,1,79,72,23903,21269,1202,1432,SUMATERA SELATAN
2021-05-29,165,10,263,-108,24068,21532,1212,1324,SUMATERA SELATAN
2021-05-30,122,7,93,22,24190,21625,1219,1346,SUMATERA SELATAN
2021-05-31,142,5,95,42,24332,21720,1224,1388,SUMATERA SELATAN
2021-05-01,53,0,28,25,47396,44129,1205,2062,BANTEN
2021-05-02,55,2,68,-15,47451,44197,1207,2047,BANTEN
2021-05-03,126,0,44,82,47577,44241,1207,2129,BANTEN
2021-05-04,112,4,163,-55,47689,44404,1211,2074,BANTEN
2021-05-05,73,3,193,-123,47762,44597,1214,1951,BANTEN
2021-05-06,65,1,37,27,47827,44634,1215,1978,BANTEN
2021-05-07,68,0,50,18,47895,44684,1215,1996,BANTEN
2021-05-08,81,4,32,45,47976,44716,1219,2041,BANTEN
2021-05-09,61,0,174,-113,48037,44890,1219,1928,BANTEN
2021-05-10,92,4,71,17,48129,44961,1223,1945,BANTEN
2021-05-11,82,1,45,36,48211,45006,1224,1981,BANTEN
2021-05-12,56,0,24,32,48267,45030,1224,2013,BANTEN
2021-05-13,34,0,1,33,48301,45031,1224,2046,BANTEN
2021-05-14,39,0,15,24,48340,45046,1224,2070,BANTEN
2021-05-15,22,0,99,-77,48362,45145,1224,1993,BANTEN
2021-05-16,66,2,42,22,48428,45187,1226,2015,BANTEN
2021-05-17,53,2,320,-269,48481,45507,1228,1746,BANTEN
2021-05-18,29,2,0,27,48510,45507,1230,1773,BANTEN
2021-05-19,53,1,64,-12,48563,45571,1231,1761,BANTEN
2021-05-20,87,1,344,-258,48650,45915,1232,1503,BANTEN
2021-05-21,62,2,84,-24,48712,45999,1234,1479,BANTEN
2021-05-22,66,4,100,-38,48778,46099,1238,1441,BANTEN
2021-05-23,36,2,52,-18,48814,46151,1240,1423,BANTEN
2021-05-24,49,1,51,-3,48863,46202,1241,1420,BANTEN
2021-05-25,89,2,9,78,48952,46211,1243,1498,BANTEN
2021-05-26,44,0,23,21,48996,46234,1243,1519,BANTEN
2021-05-27,156,2,45,109,49152,46279,1245,1628,BANTEN
2021-05-28,53,2,62,-11,49205,46341,1247,1617,BANTEN
2021-05-29,72,3,71,-2,49277,46412,1250,1615,BANTEN
2021-05-30,46,0,60,-14,49323,46472,1250,1601,BANTEN
2021-05-31,153,2,279,-128,49476,46751,1252,1473,BANTEN
2021-05-01,7,1,1,5,10427,9885,210,332,SULAWESI TENGGARA
2021-05-02,0,1,0,-1,10427,9885,211,331,SULAWESI TENGGARA
2021-05-03,0,1,13,-14,10427,9898,212,317,SULAWESI TENGGARA
2021-05-04,4,0,0,4,10431,9898,212,321,SULAWESI TENGGARA
2021-05-05,10,0,30,-20,10441,9928,212,301,SULAWESI TENGGARA
2021-05-06,2,2,17,-17,10443,9945,214,284,SULAWESI TENGGARA
2021-05-07,7,0,10,-3,10450,9955,214,281,SULAWESI TENGGARA
2021-05-08,0,0,1,-1,10450,9956,214,280,SULAWESI TENGGARA
2021-05-09,3,0,0,3,10453,9956,214,283,SULAWESI TENGGARA
2021-05-10,2,0,12,-10,10455,9968,214,273,SULAWESI TENGGARA
2021-05-11,8,0,6,2,10463,9974,214,275,SULAWESI TENGGARA
2021-05-12,7,1,7,-1,10470,9981,215,274,SULAWESI TENGGARA
2021-05-13,0,0,0,0,10470,9981,215,274,SULAWESI TENGGARA
2021-05-14,0,0,0,0,10470,9981,215,274,SULAWESI TENGGARA
2021-05-15,0,0,1,-1,10470,9982,215,273,SULAWESI TENGGARA
2021-05-16,0,0,0,0,10470,9982,215,273,SULAWESI TENGGARA
2021-05-17,1,0,14,-13,10471,9996,215,260,SULAWESI TENGGARA
2021-05-18,1,1,30,-30,10472,10026,216,230,SULAWESI TENGGARA
2021-05-19,5,1,2,2,10477,10028,217,232,SULAWESI TENGGARA
2021-05-20,15,0,2,13,10492,10030,217,245,SULAWESI TENGGARA
2021-05-21,1,0,3,-2,10493,10033,217,243,SULAWESI TENGGARA
2021-05-22,0,0,8,-8,10493,10041,217,235,SULAWESI TENGGARA
2021-05-23,1,0,3,-2,10494,10044,217,233,SULAWESI TENGGARA
2021-05-24,2,0,5,-3,10496,10049,217,230,SULAWESI TENGGARA
2021-05-25,2,0,1,1,10498,10050,217,231,SULAWESI TENGGARA
2021-05-26,0,0,2,-2,10498,10052,217,229,SULAWESI TENGGARA
2021-05-27,1,0,0,1,10499,10052,217,230,SULAWESI TENGGARA
2021-05-28,6,0,10,-4,10505,10062,217,226,SULAWESI TENGGARA
2021-05-29,7,0,21,-14,10512,10083,217,212,SULAWESI TENGGARA
2021-05-30,7,0,0,7,10519,10083,217,219,SULAWESI TENGGARA
2021-05-31,1,0,1,0,10520,10084,217,219,SULAWESI TENGGARA
